<?xml version="1.0" encoding="UTF-8" ?>
<LightningMessageChannel>
    <masterLabel>AccountData</masterLabel>
    <isExposed>true</isExposed>
     <lightningMessageFields>
        <description>This is the Id of the record</description>
        <fieldName>recordId</fieldName>
    </lightningMessageFields>
    <lightningMessageFields>
        <description>This is the Name of the record</description>
        <fieldName>name</fieldName>
    </lightningMessageFields>
    </LightningMessageChannel>