<?xml version="1.0" encoding="UTF-8"?>
<ApexComponent xmlns="http://soap.sforce.com/2006/04/metadata">
    <apiVersion>50.0</apiVersion>
    <description>Default Lightning Platform site header component</description>
    <label>SiteHeader</label>
    <packageVersions>
        <majorNumber>8</majorNumber>
        <minorNumber>190</minorNumber>
        <namespace>APXTConga4</namespace>
    </packageVersions>
    <packageVersions>
        <majorNumber>1</majorNumber>
        <minorNumber>94</minorNumber>
        <namespace>MC4SF</namespace>
    </packageVersions>
    <packageVersions>
        <majorNumber>1</majorNumber>
        <minorNumber>7</minorNumber>
        <namespace>sf_com_apps</namespace>
    </packageVersions>
    <packageVersions>
        <majorNumber>1</majorNumber>
        <minorNumber>0</minorNumber>
        <namespace>trlhdtips</namespace>
    </packageVersions>
</ApexComponent>
